significant,p_value,term_size,query_size,intersection_size,precision,recall,term_id,source,term_name,effective_domain_size,source_order,
TRUE,"1,37766594543119E-36",1317,286,85,"0,297202797202797","0,064540622627183",GO:0002376,GO:BP,immune system process,24356,1042,
TRUE,"1,58680908020027E-30",718,286,60,"0,20979020979021","0,083565459610028",GO:0006955,GO:BP,immune response,24356,2907,
TRUE,"8,14610243088832E-30",5079,286,151,"0,527972027972028","0,029730261862571",GO:0050896,GO:BP,response to stimulus,24356,15476,
TRUE,"3,77638973097975E-25",3439,286,116,"0,405594405594406","0,033730735678976",GO:0007165,GO:BP,signal transduction,24356,3085,
TRUE,"1,1305637289259E-24",467,286,45,"0,157342657342657","0,096359743040685",GO:0002684,GO:BP,positive regulation of immune system process,24356,1338,
TRUE,"2,8816251974556E-23",3782,286,119,"0,416083916083916","0,03146483342147",GO:0007154,GO:BP,cell communication,24356,3074,
TRUE,"4,80144631993458E-23",381,286,40,"0,13986013986014","0,10498687664042",GO:0050776,GO:BP,regulation of immune response,24356,15379,
TRUE,"5,11500597212124E-23",718,286,52,"0,181818181818182","0,072423398328691",GO:0002682,GO:BP,regulation of immune system process,24356,1336,
TRUE,"1,24889387064186E-22",579,286,47,"0,164335664335664","0,081174438687392",GO:0001775,GO:BP,cell activation,24356,565,
TRUE,"2,35476549721161E-22",530,286,45,"0,157342657342657","0,084905660377359",GO:0045321,GO:BP,leukocyte activation,24356,13277,
TRUE,"5,00999771671308E-22",457,286,42,"0,146853146853147","0,091903719912473",GO:0046649,GO:BP,lymphocyte activation,24356,14327,
TRUE,"9,00339675324635E-22",3754,286,116,"0,405594405594406","0,030900372935535",GO:0023052,GO:BP,signaling,24356,7683,
TRUE,"1,01778955406691E-21",231,286,32,"0,111888111888112","0,138528138528139",GO:0030098,GO:BP,lymphocyte differentiation,24356,7736,
TRUE,"1,35981710587021E-21",6993,286,165,"0,576923076923077","0,023595023595024",GO:0050789,GO:BP,regulation of biological process,24356,15387,
TRUE,"5,19822447128499E-21",308,286,35,"0,122377622377622","0,113636363636364",GO:0050778,GO:BP,positive regulation of immune response,24356,15381,
TRUE,"1,0024138037447E-20",4342,286,124,"0,433566433566434","0,028558268079226",GO:0051716,GO:BP,cellular response to stimulus,24356,16130,
TRUE,"1,1858689500668E-20",7420,286,169,"0,590909090909091","0,02277628032345",GO:0065007,GO:BP,biological regulation,24356,18687,
TRUE,"3,39396654195682E-20",258,286,32,"0,111888111888112","0,124031007751938",GO:1903131,GO:BP,mononuclear cell differentiation,24356,26232,
TRUE,"3,49139479336387E-19",176,286,27,"0,094405594405594","0,153409090909091",GO:0050851,GO:BP,antigen receptor-mediated signaling pathway,24356,15436,
TRUE,"9,73528987690087E-19",335,286,34,"0,118881118881119","0,101492537313433",GO:0002521,GO:BP,leukocyte differentiation,24356,1179,
TRUE,"1,24737230079426E-18",6679,286,155,"0,541958041958042","0,023207066926187",GO:0050794,GO:BP,regulation of cellular process,24356,15391,
TRUE,"1,36169605583491E-18",185,286,27,"0,094405594405594","0,145945945945946",GO:0002429,GO:BP,immune response-activating cell surface receptor signaling pathway,24356,1088,
TRUE,"1,36169605583491E-18",185,286,27,"0,094405594405594","0,145945945945946",GO:0002757,GO:BP,immune response-activating signal transduction,24356,1405,
TRUE,"2,10741713765661E-18",188,286,27,"0,094405594405594","0,143617021276596",GO:0002768,GO:BP,immune response-regulating cell surface receptor signaling pathway,24356,1416,
TRUE,"2,43330964015451E-18",189,286,27,"0,094405594405594","0,142857142857143",GO:0002764,GO:BP,immune response-regulating signaling pathway,24356,1412,
TRUE,"6,38281400799307E-18",259,286,30,"0,104895104895105","0,115830115830116",GO:0042110,GO:BP,T cell activation,24356,11587,
TRUE,"8,99940533538502E-18",558,286,41,"0,143356643356643","0,073476702508961",GO:0048534,GO:BP,hematopoietic or lymphoid organ development,24356,14917,
TRUE,"9,08023238849231E-18",71,286,19,"0,066433566433566","0,267605633802817",GO:0050852,GO:BP,T cell receptor signaling pathway,24356,15437,
TRUE,"1,07237459497335E-17",530,286,40,"0,13986013986014","0,075471698113208",GO:0030097,GO:BP,hemopoiesis,24356,7735,
TRUE,"8,39416382093661E-17",593,286,41,"0,143356643356643","0,069139966273187",GO:0002520,GO:BP,immune system development,24356,1178,
TRUE,"1,60059090480413E-16",221,286,27,"0,094405594405594","0,122171945701357",GO:0002253,GO:BP,activation of immune response,24356,921,
TRUE,"3,92688393905814E-16",167,286,24,"0,083916083916084","0,143712574850299",GO:0030217,GO:BP,T cell differentiation,24356,7791,
TRUE,"9,91629506372541E-16",361,286,32,"0,111888111888112","0,088642659279778",GO:0001816,GO:BP,cytokine production,24356,598,
TRUE,"1,2828333733748E-15",1171,286,55,"0,192307692307692","0,046968403074296",GO:0048584,GO:BP,positive regulation of response to stimulus,24356,14959,
TRUE,"7,84803601387815E-15",169,286,23,"0,08041958041958","0,136094674556213",GO:0007159,GO:BP,leukocyte cell-cell adhesion,24356,3079,
TRUE,"2,70585193338104E-14",3561,286,99,"0,346153846153846","0,027801179443976",GO:0048518,GO:BP,positive regulation of biological process,24356,14903,
TRUE,"5,29220421097546E-14",1593,286,62,"0,216783216783217","0,038920276208412",GO:0007166,GO:BP,cell surface receptor signaling pathway,24356,3086,
TRUE,"1,24773018664439E-13",312,286,28,"0,097902097902098","0,08974358974359",GO:0001817,GO:BP,regulation of cytokine production,24356,599,
TRUE,"1,87735336845198E-13",84,286,17,"0,059440559440559","0,202380952380952",GO:0046631,GO:BP,alpha-beta T cell activation,24356,14309,
TRUE,"5,18727093160419E-13",12167,286,210,"0,734265734265734","0,01725980110134",GO:0008150,GO:BP,biological_process,24356,3550,
TRUE,"1,05321881358385E-11",2200,286,70,"0,244755244755245","0,031818181818182",GO:0048583,GO:BP,regulation of response to stimulus,24356,14958,
TRUE,"1,97344961403662E-11",148,286,19,"0,066433566433566","0,128378378378378",GO:1903037,GO:BP,regulation of leukocyte cell-cell adhesion,24356,26146,
TRUE,"4,21313082161522E-11",392,286,28,"0,097902097902098","0,071428571428571",GO:0030155,GO:BP,regulation of cell adhesion,24356,7752,
TRUE,"8,76945113252166E-11",101,286,16,"0,055944055944056","0,158415841584158",GO:1903039,GO:BP,positive regulation of leukocyte cell-cell adhesion,24356,26148,
TRUE,"9,90760461205988E-11",184,286,20,"0,06993006993007","0,108695652173913",GO:0001819,GO:BP,positive regulation of cytokine production,24356,601,
TRUE,"1,80588520839722E-10",145,286,18,"0,062937062937063","0,124137931034483",GO:0046651,GO:BP,lymphocyte proliferation,24356,14328,
TRUE,"1,80588520839722E-10",145,286,18,"0,062937062937063","0,124137931034483",GO:0032943,GO:BP,mononuclear cell proliferation,24356,9175,
TRUE,"5,81482833109803E-10",155,286,18,"0,062937062937063","0,116129032258065",GO:0070661,GO:BP,leukocyte proliferation,24356,19069,
TRUE,"1,3145870513425E-09",237,286,21,"0,073426573426573","0,088607594936709",GO:0050867,GO:BP,positive regulation of cell activation,24356,15452,
TRUE,"1,39458801497831E-09",120,286,16,"0,055944055944056","0,133333333333333",GO:0022409,GO:BP,positive regulation of cell-cell adhesion,24356,7619,
TRUE,"1,69578665388942E-09",3268,286,84,"0,293706293706294","0,025703794369645",GO:0048522,GO:BP,positive regulation of cellular process,24356,14907,
TRUE,"2,3746692111787E-09",31,286,10,"0,034965034965035","0,32258064516129",GO:0050854,GO:BP,regulation of antigen receptor-mediated signaling pathway,24356,15439,
TRUE,"4,85431852218312E-09",33,286,10,"0,034965034965035","0,303030303030303",GO:0045058,GO:BP,T cell selection,24356,13163,
TRUE,"5,12709585440431E-09",91,286,14,"0,048951048951049","0,153846153846154",GO:0050870,GO:BP,positive regulation of T cell activation,24356,15455,
TRUE,"7,48542191641691E-09",205,286,19,"0,066433566433566","0,092682926829268",GO:0022407,GO:BP,regulation of cell-cell adhesion,24356,7617,
TRUE,"9,0882554382622E-09",234,286,20,"0,06993006993007","0,085470085470086",GO:0002696,GO:BP,positive regulation of leukocyte activation,24356,1350,
TRUE,"1,08682061558806E-08",356,286,24,"0,083916083916084","0,067415730337079",GO:0050865,GO:BP,regulation of cell activation,24356,15450,
TRUE,"1,19447262019077E-08",11166,286,188,"0,657342657342657","0,016836826079169",GO:0009987,GO:BP,cellular process,24356,4294,
TRUE,"1,41707920486902E-08",11,286,7,"0,024475524475525","0,636363636363636",GO:0043383,GO:BP,negative T cell selection,24356,12336,
TRUE,"1,62650621398994E-08",64,286,12,"0,041958041958042","0,1875",GO:0002706,GO:BP,regulation of lymphocyte mediated immunity,24356,1360,
TRUE,"1,65159329429355E-08",905,286,38,"0,132867132867133","0,041988950276243",GO:0006915,GO:BP,apoptotic process,24356,2874,
TRUE,"2,87851014406871E-08",67,286,12,"0,041958041958042","0,17910447761194",GO:0046632,GO:BP,alpha-beta T cell differentiation,24356,14310,
TRUE,"2,99937302707407E-08",341,286,23,"0,08041958041958","0,067448680351906",GO:0002694,GO:BP,regulation of leukocyte activation,24356,1348,
TRUE,"4,29932582462459E-08",935,286,38,"0,132867132867133","0,040641711229947",GO:0012501,GO:BP,programmed cell death,24356,5138,
TRUE,"4,49102371405426E-08",227,286,19,"0,066433566433566","0,083700440528634",GO:0045785,GO:BP,positive regulation of cell adhesion,24356,13571,
TRUE,"4,52545605963777E-08",87,286,13,"0,045454545454546","0,149425287356322",GO:0002703,GO:BP,regulation of leukocyte mediated immunity,24356,1357,
TRUE,"5,49982017504371E-08",152,286,16,"0,055944055944056","0,105263157894737",GO:0050863,GO:BP,regulation of T cell activation,24356,15448,
TRUE,"7,21159406794481E-08",776,286,34,"0,118881118881119","0,043814432989691",GO:0007155,GO:BP,cell adhesion,24356,3075,
TRUE,"8,56013972524627E-08",781,286,34,"0,118881118881119","0,043533930857875",GO:0022610,GO:BP,biological adhesion,24356,7637,
TRUE,"1,09638303913357E-07",299,286,21,"0,073426573426573","0,070234113712375",GO:0051249,GO:BP,regulation of lymphocyte activation,24356,15770,
TRUE,"1,10841624657144E-07",1012,286,39,"0,136363636363636","0,038537549407115",GO:0008219,GO:BP,cell death,24356,3580,
TRUE,"1,62222690871476E-07",216,286,18,"0,062937062937063","0,083333333333333",GO:0051251,GO:BP,positive regulation of lymphocyte activation,24356,15772,
TRUE,"2,03700301282417E-07",410,286,24,"0,083916083916084","0,058536585365854",GO:0002252,GO:BP,immune effector process,24356,920,
TRUE,"2,16894983554881E-07",79,286,12,"0,041958041958042","0,151898734177215",GO:0002819,GO:BP,regulation of adaptive immune response,24356,1466,
TRUE,"2,19325250854233E-07",1532,286,49,"0,171328671328671","0,031984334203655",GO:0035556,GO:BP,intracellular signal transduction,24356,10508,
TRUE,"2,41335014025827E-07",99,286,13,"0,045454545454546","0,131313131313131",GO:0042098,GO:BP,T cell proliferation,24356,11582,
TRUE,"2,86744004811666E-07",731,286,32,"0,111888111888112","0,043775649794802",GO:0042981,GO:BP,regulation of apoptotic process,24356,12117,
TRUE,"4,31539122443471E-07",462,286,25,"0,087412587412587","0,054112554112554",GO:0098609,GO:BP,cell-cell adhesion,24356,22117,
TRUE,"4,87127072087537E-07",231,286,18,"0,062937062937063","0,077922077922078",GO:0042113,GO:BP,B cell activation,24356,11588,
TRUE,"5,77020410928028E-07",106,286,13,"0,045454545454546","0,122641509433962",GO:0050670,GO:BP,regulation of lymphocyte proliferation,24356,15321,
TRUE,"5,77020410928028E-07",106,286,13,"0,045454545454546","0,122641509433962",GO:0032944,GO:BP,regulation of mononuclear cell proliferation,24356,9176,
TRUE,"5,8195604559253E-07",752,286,32,"0,111888111888112","0,042553191489362",GO:0043067,GO:BP,regulation of programmed cell death,24356,12178,
TRUE,"7,84764858719642E-07",10,286,6,"0,020979020979021","0,6",GO:0045060,GO:BP,negative thymic T cell selection,24356,13165,
TRUE,"9,1051520288923E-07",39,286,9,"0,031468531468532","0,230769230769231",GO:0032623,GO:BP,interleukin-2 production,24356,8909,
TRUE,"9,68035962249881E-07",241,286,18,"0,062937062937063","0,074688796680498",GO:0002250,GO:BP,adaptive immune response,24356,918,
TRUE,"1,01003676899045E-06",54,286,10,"0,034965034965035","0,185185185185185",GO:0002705,GO:BP,positive regulation of leukocyte mediated immunity,24356,1359,
TRUE,"1,15711366696689E-06",112,286,13,"0,045454545454546","0,116071428571429",GO:0070663,GO:BP,regulation of leukocyte proliferation,24356,19071,
TRUE,"1,27358588497895E-06",18,286,7,"0,024475524475525","0,388888888888889",GO:0045061,GO:BP,thymic T cell selection,24356,13166,
TRUE,"1,29394846366445E-06",113,286,13,"0,045454545454546","0,115044247787611",GO:0050853,GO:BP,B cell receptor signaling pathway,24356,15438,
TRUE,"1,46713668883419E-06",1951,286,55,"0,192307692307692","0,028190671450538",GO:0048513,GO:BP,animal organ development,24356,14898,
TRUE,"1,99632127409888E-06",19,286,7,"0,024475524475525","0,368421052631579",GO:0032743,GO:BP,positive regulation of interleukin-2 production,24356,9029,
TRUE,"4,21928812389302E-06",32,286,8,"0,027972027972028","0,25",GO:0032663,GO:BP,regulation of interleukin-2 production,24356,8949,
TRUE,"4,51512428786856E-06",21,286,7,"0,024475524475525","0,333333333333333",GO:0050856,GO:BP,regulation of T cell receptor signaling pathway,24356,15441,
TRUE,"4,5694766840495E-06",818,286,32,"0,111888111888112","0,039119804400978",GO:0010941,GO:BP,regulation of cell death,24356,5083,
TRUE,"4,91521410467636E-06",63,286,10,"0,034965034965035","0,158730158730159",GO:0032946,GO:BP,positive regulation of mononuclear cell proliferation,24356,9178,
TRUE,"4,91521410467636E-06",63,286,10,"0,034965034965035","0,158730158730159",GO:0050671,GO:BP,positive regulation of lymphocyte proliferation,24356,15322,
TRUE,"5,48118820211212E-06",1313,286,42,"0,146853146853147","0,031987814166032",GO:0009605,GO:BP,response to external stimulus,24356,3997,
TRUE,"6,22505866405078E-06",13,286,6,"0,020979020979021","0,461538461538462",GO:0032753,GO:BP,positive regulation of interleukin-4 production,24356,9039,
TRUE,"7,61955948044538E-06",212,286,16,"0,055944055944056","0,075471698113208",GO:1903706,GO:BP,regulation of hemopoiesis,24356,26753,
TRUE,"7,96585353988373E-06",49,286,9,"0,031468531468532","0,183673469387755",GO:0002708,GO:BP,positive regulation of lymphocyte mediated immunity,24356,1362,
TRUE,"8,1529481281413E-06",184,286,15,"0,052447552447552","0,081521739130435",GO:0050900,GO:BP,leukocyte migration,24356,15479,
TRUE,"9,24312898788624E-06",1659,286,48,"0,167832167832168","0,028933092224232",GO:0009966,GO:BP,regulation of signal transduction,24356,4287,
TRUE,"9,66351805655116E-06",1498,286,45,"0,157342657342657","0,030040053404539",GO:0051239,GO:BP,regulation of multicellular organismal process,24356,15763,
TRUE,"1,06190795621095E-05",68,286,10,"0,034965034965035","0,147058823529412",GO:0070665,GO:BP,positive regulation of leukocyte proliferation,24356,19073,
TRUE,"1,07274380015003E-05",160,286,14,"0,048951048951049","0,0875",GO:1902105,GO:BP,regulation of leukocyte differentiation,24356,25343,
TRUE,"1,16543822969404E-05",36,286,8,"0,027972027972028","0,222222222222222",GO:0001909,GO:BP,leukocyte mediated cytotoxicity,24356,655,
TRUE,"1,41925643961474E-05",70,286,10,"0,034965034965035","0,142857142857143",GO:0002822,GO:BP,regulation of adaptive immune response based on somatic recombination of immune receptors built from immunoglobulin superfamily domains,24356,1469,
TRUE,"1,47188719677769E-05",37,286,8,"0,027972027972028","0,216216216216216",GO:0030888,GO:BP,regulation of B cell proliferation,24356,8078,
TRUE,"1,51560746025592E-05",1360,286,42,"0,146853146853147","0,030882352941177",GO:0010628,GO:BP,positive regulation of gene expression,24356,4794,
TRUE,"1,54235547847636E-05",510,286,24,"0,083916083916084","0,047058823529412",GO:1902533,GO:BP,positive regulation of intracellular signal transduction,24356,25709,
TRUE,"1,55557816923149E-05",3514,286,78,"0,272727272727273","0,022196926579397",GO:0060255,GO:BP,regulation of macromolecule metabolic process,24356,17102,
TRUE,"1,61037958172209E-05",2689,286,65,"0,227272727272727","0,024172554853105",GO:0010468,GO:BP,regulation of gene expression,24356,4670,
TRUE,"1,64919069080245E-05",53,286,9,"0,031468531468532","0,169811320754717",GO:0042100,GO:BP,B cell proliferation,24356,11583,
TRUE,"1,78007355017085E-05",15,286,6,"0,020979020979021","0,4",GO:0036037,GO:BP,CD8-positive, alpha-beta T cell activation,24356,10873
TRUE,"1,79574965216156E-05",195,286,15,"0,052447552447552","0,076923076923077",GO:0002449,GO:BP,lymphocyte mediated immunity,24356,1108,
TRUE,"1,94409236348145E-05",3207,286,73,"0,255244755244755","0,022762706579358",GO:0048856,GO:BP,anatomical structure development,24356,15211,
TRUE,"2,15146542036884E-05",228,286,16,"0,055944055944056","0,070175438596491",GO:0002443,GO:BP,leukocyte mediated immunity,24356,1102,
TRUE,"2,16899040637152E-05",169,286,14,"0,048951048951049","0,082840236686391",GO:0002697,GO:BP,regulation of immune effector process,24356,1351,
TRUE,"2,31817236342092E-05",55,286,9,"0,031468531468532","0,163636363636364",GO:0033077,GO:BP,T cell differentiation in thymus,24356,9273,
TRUE,"2,33538545240459E-05",829,286,31,"0,108391608391608","0,037394451145959",GO:0009967,GO:BP,positive regulation of signal transduction,24356,4288,
TRUE,"2,42896854064966E-05",26,286,7,"0,024475524475525","0,269230769230769",GO:0001910,GO:BP,regulation of leukocyte mediated cytotoxicity,24356,656,
TRUE,"2,82008963951852E-05",16,286,6,"0,020979020979021","0,375",GO:0050857,GO:BP,positive regulation of antigen receptor-mediated signaling pathway,24356,15442,
TRUE,"2,84378684051844E-05",40,286,8,"0,027972027972028","0,2",GO:0042102,GO:BP,positive regulation of T cell proliferation,24356,11584,
TRUE,"3,51269054627638E-05",122,286,12,"0,041958041958042","0,098360655737705",GO:0002440,GO:BP,production of molecular mediator of immune response,24356,1099,
TRUE,"4,23769119137835E-05",100,286,11,"0,038461538461539","0,11",GO:0002699,GO:BP,positive regulation of immune effector process,24356,1353,
TRUE,"4,31543808859328E-05",17,286,6,"0,020979020979021","0,352941176470588",GO:0046633,GO:BP,alpha-beta T cell proliferation,24356,14311,
TRUE,"4,31543808859328E-05",17,286,6,"0,020979020979021","0,352941176470588",GO:0032673,GO:BP,regulation of interleukin-4 production,24356,8959,
TRUE,"4,596641521017E-05",2272,286,57,"0,199300699300699","0,025088028169014",GO:0030154,GO:BP,cell differentiation,24356,7751,
TRUE,"4,91077087639498E-05",3475,286,76,"0,265734265734266","0,021870503597122",GO:0032502,GO:BP,developmental process,24356,8845,
TRUE,"5,31275579255875E-05",80,286,10,"0,034965034965035","0,125",GO:0030183,GO:BP,B cell differentiation,24356,7766,
TRUE,"5,59209524186219E-05",29,286,7,"0,024475524475525","0,241379310344828",GO:0002709,GO:BP,regulation of T cell mediated immunity,24356,1363,
TRUE,"5,70369195024893E-05",768,286,29,"0,101398601398601","0,037760416666667",GO:0051240,GO:BP,positive regulation of multicellular organismal process,24356,15764,
TRUE,"5,78502044029474E-05",103,286,11,"0,038461538461539","0,106796116504854",GO:0045619,GO:BP,regulation of lymphocyte differentiation,24356,13411,
TRUE,"6,7865729373446E-05",2118,286,54,"0,188811188811189","0,025495750708215",GO:0009893,GO:BP,positive regulation of metabolic process,24356,4234,
TRUE,"7,22111193123131E-05",30,286,7,"0,024475524475525","0,233333333333333",GO:0031341,GO:BP,regulation of cell killing,24356,8310,
TRUE,"7,60918722595792E-05",83,286,10,"0,034965034965035","0,120481927710843",GO:0014065,GO:BP,phosphatidylinositol 3-kinase signaling,24356,5203,
TRUE,"7,64226585064463E-05",922,286,32,"0,111888111888112","0,03470715835141",GO:0010647,GO:BP,positive regulation of cell communication,24356,4813,
TRUE,"8,09024153092722E-05",10,286,5,"0,017482517482518","0,5",GO:0046641,GO:BP,positive regulation of alpha-beta T cell proliferation,24356,14319,
TRUE,"8,45265659122844E-05",1955,286,51,"0,178321678321678","0,026086956521739",GO:0010604,GO:BP,positive regulation of macromolecule metabolic process,24356,4771,
TRUE,"8,65031097095486E-05",927,286,32,"0,111888111888112","0,034519956850054",GO:0023056,GO:BP,positive regulation of signaling,24356,7687,
TRUE,"9,21892455823793E-05",1902,286,50,"0,174825174825175","0,026288117770768",GO:0010646,GO:BP,regulation of cell communication,24356,4812,
TRUE,"0,00010026062549",2324,286,57,"0,199300699300699","0,024526678141136",GO:0048869,GO:BP,cellular developmental process,24356,15223,
TRUE,"0,000104455064855",3805,286,80,"0,27972027972028","0,021024967148489",GO:0019222,GO:BP,regulation of metabolic process,24356,6508,
TRUE,"0,000108292535893",47,286,8,"0,027972027972028","0,170212765957447",GO:0032609,GO:BP,interferon-gamma production,24356,8895,
TRUE,"0,000108292535893",47,286,8,"0,027972027972028","0,170212765957447",GO:0002821,GO:BP,positive regulation of adaptive immune response,24356,1468,
TRUE,"0,00011774168774",1917,286,50,"0,174825174825175","0,026082420448618",GO:0023051,GO:BP,regulation of signaling,24356,7682,
TRUE,"0,000126640016204",845,286,30,"0,104895104895105","0,035502958579882",GO:0016477,GO:BP,cell migration,24356,5846,
TRUE,"0,000146896529951",11,286,5,"0,017482517482518","0,454545454545455",GO:0031295,GO:BP,T cell costimulation,24356,8286,
TRUE,"0,000146896529951",11,286,5,"0,017482517482518","0,454545454545455",GO:0043374,GO:BP,CD8-positive, alpha-beta T cell differentiation,24356,12327
TRUE,"0,000146896529951",11,286,5,"0,017482517482518","0,454545454545455",GO:0031294,GO:BP,lymphocyte costimulation,24356,8285,
TRUE,"0,000159763472137",198,286,14,"0,048951048951049","0,070707070707071",GO:0018108,GO:BP,peptidyl-tyrosine phosphorylation,24356,6032,
TRUE,"0,00018188084938",21,286,6,"0,020979020979021","0,285714285714286",GO:0001912,GO:BP,positive regulation of leukocyte mediated cytotoxicity,24356,658,
TRUE,"0,000192490252529",201,286,14,"0,048951048951049","0,069651741293532",GO:0018212,GO:BP,peptidyl-tyrosine modification,24356,6123,
TRUE,"0,000217215346259",2880,286,65,"0,227272727272727","0,022569444444444",GO:0007275,GO:BP,multicellular organism development,24356,3186,
TRUE,"0,000226591497638",173,286,13,"0,045454545454546","0,07514450867052",GO:0032103,GO:BP,positive regulation of response to external stimulus,24356,8581,
TRUE,"0,000226839893552",35,286,7,"0,024475524475525","0,2",GO:0046635,GO:BP,positive regulation of alpha-beta T cell activation,24356,14313,
TRUE,"0,000231682362229",1070,286,34,"0,118881118881119","0,031775700934579",GO:0006468,GO:BP,protein phosphorylation,24356,2465,
TRUE,"0,000246321078206",52,286,8,"0,027972027972028","0,153846153846154",GO:0001906,GO:BP,cell killing,24356,653,
TRUE,"0,000246321078206",52,286,8,"0,027972027972028","0,153846153846154",GO:0002456,GO:BP,T cell mediated immunity,24356,1115,
TRUE,"0,000247627703454",22,286,6,"0,020979020979021","0,272727272727273",GO:0032633,GO:BP,interleukin-4 production,24356,8919,
TRUE,"0,000247627703454",22,286,6,"0,020979020979021","0,272727272727273",GO:0043368,GO:BP,positive T cell selection,24356,12321,
TRUE,"0,000258764759057",6023,286,110,"0,384615384615385","0,018263323924954",GO:0043170,GO:BP,macromolecule metabolic process,24356,12238,
TRUE,"0,000284705272188",3963,286,81,"0,283216783216783","0,020439061317184",GO:0032501,GO:BP,multicellular organismal process,24356,8844,
TRUE,"0,000331639884232",74,286,9,"0,031468531468532","0,121621621621622",GO:0002377,GO:BP,immunoglobulin production,24356,1043,
TRUE,"0,000370764344716",212,286,14,"0,048951048951049","0,066037735849057",GO:0002460,GO:BP,adaptive immune response based on somatic recombination of immune receptors built from immunoglobulin superfamily domains,24356,1119,
TRUE,"0,00037534472644",98,286,10,"0,034965034965035","0,102040816326531",GO:0031349,GO:BP,positive regulation of defense response,24356,8318,
TRUE,"0,000423687961446",894,286,30,"0,104895104895105","0,033557046979866",GO:1902531,GO:BP,regulation of intracellular signal transduction,24356,25707,
TRUE,"0,000425668265588",3459,286,73,"0,255244755244755","0,021104365423533",GO:0010467,GO:BP,gene expression,24356,4669,
TRUE,"0,000437963891613",24,286,6,"0,020979020979021","0,25",GO:0034113,GO:BP,heterotypic cell-cell adhesion,24356,9722,
TRUE,"0,000518826860417",616,286,24,"0,083916083916084","0,038961038961039",GO:0051707,GO:BP,response to other organism,24356,16122,
TRUE,"0,0005252406866",78,286,9,"0,031468531468532","0,115384615384615",GO:0042129,GO:BP,regulation of T cell proliferation,24356,11600,
TRUE,"0,000549965543942",618,286,24,"0,083916083916084","0,038834951456311",GO:0043207,GO:BP,response to external biotic stimulus,24356,12249,
TRUE,"0,000570606328982",25,286,6,"0,020979020979021","0,24",GO:0031343,GO:BP,positive regulation of cell killing,24356,8312,
TRUE,"0,00058394051584",666,286,25,"0,087412587412587","0,037537537537538",GO:0007186,GO:BP,G protein-coupled receptor signaling pathway,24356,3104,
TRUE,"0,000598123373197",40,286,7,"0,024475524475525","0,175",GO:0032649,GO:BP,regulation of interferon-gamma production,24356,8935,
TRUE,"0,000657548594555",104,286,10,"0,034965034965035","0,096153846153846",GO:0048015,GO:BP,phosphatidylinositol-mediated signaling,24356,14556,
TRUE,"0,000661774006106",2712,286,61,"0,213286713286713","0,022492625368732",GO:0048731,GO:BP,system development,24356,15094,
TRUE,"0,000734501322054",26,286,6,"0,020979020979021","0,230769230769231",GO:0032729,GO:BP,positive regulation of interferon-gamma production,24356,9015,
TRUE,"0,000734501322054",26,286,6,"0,020979020979021","0,230769230769231",GO:0030890,GO:BP,positive regulation of B cell proliferation,24356,8080,
TRUE,"0,000772148719902",60,286,8,"0,027972027972028","0,133333333333333",GO:0014066,GO:BP,regulation of phosphatidylinositol 3-kinase signaling,24356,5204,
TRUE,"0,00078610047051",106,286,10,"0,034965034965035","0,094339622641509",GO:0048017,GO:BP,inositol lipid-mediated signaling,24356,14558,
TRUE,"0,00086605727034",925,286,30,"0,104895104895105","0,032432432432432",GO:0051674,GO:BP,localization of cell,24356,16096,
TRUE,"0,00086605727034",925,286,30,"0,104895104895105","0,032432432432432",GO:0048870,GO:BP,cell motility,24356,15224,
TRUE,"0,000893273762556",635,286,24,"0,083916083916084","0,037795275590551",GO:0009607,GO:BP,response to biotic stimulus,24356,3999,
TRUE,"0,000918691540869",15,286,5,"0,017482517482518","0,333333333333333",GO:0046640,GO:BP,regulation of alpha-beta T cell proliferation,24356,14318,
TRUE,"0,001384654280705",45,286,7,"0,024475524475525","0,155555555555556",GO:0014068,GO:BP,positive regulation of phosphatidylinositol 3-kinase signaling,24356,5206,
TRUE,"0,001384654280705",45,286,7,"0,024475524475525","0,155555555555556",GO:0002824,GO:BP,positive regulation of adaptive immune response based on somatic recombination of immune receptors built from immunoglobulin superfamily domains,24356,1471,
TRUE,"0,001414040604509",699,286,25,"0,087412587412587","0,035765379113019",GO:0006952,GO:BP,defense response,24356,2904,
TRUE,"0,001833394106961",67,286,8,"0,027972027972028","0,119402985074627",GO:0032675,GO:BP,regulation of interleukin-6 production,24356,8961,
TRUE,"0,001865377038497",1282,286,36,"0,125874125874126","0,02808112324493",GO:0016310,GO:BP,phosphorylation,24356,5806,
TRUE,"0,002546469126921",18,286,5,"0,017482517482518","0,277777777777778",GO:0045577,GO:BP,regulation of B cell differentiation,24356,13369,
TRUE,"0,003326424843973",51,286,7,"0,024475524475525","0,137254901960784",GO:0046634,GO:BP,regulation of alpha-beta T cell activation,24356,14312,
TRUE,"0,003399103415145",1042,286,31,"0,108391608391608","0,029750479846449",GO:0040011,GO:BP,locomotion,24356,11507,
TRUE,"0,003499397553771",9,286,4,"0,013986013986014","0,444444444444444",GO:0050862,GO:BP,positive regulation of T cell receptor signaling pathway,24356,15447,
TRUE,"0,00355549000959",73,286,8,"0,027972027972028","0,10958904109589",GO:0032635,GO:BP,interleukin-6 production,24356,8921,
TRUE,"0,003659035334429",155,286,11,"0,038461538461539","0,070967741935484",GO:0050864,GO:BP,regulation of B cell activation,24356,15449,
TRUE,"0,004021715803621",99,286,9,"0,031468531468532","0,090909090909091",GO:0002685,GO:BP,regulation of leukocyte migration,24356,1339,
TRUE,"0,004164869972096",419,286,18,"0,062937062937063","0,042959427207637",GO:0098542,GO:BP,defense response to other organism,24356,22106,
TRUE,"0,004937779494893",54,286,7,"0,024475524475525","0,12962962962963",GO:0051668,GO:BP,localization within membrane,24356,16092,
TRUE,"0,005433103627478",229,286,13,"0,045454545454546","0,056768558951965",GO:0032535,GO:BP,regulation of cellular component size,24356,8867,
TRUE,"0,005630444888773",36,286,6,"0,020979020979021","0,166666666666667",GO:0033627,GO:BP,cell adhesion mediated by integrin,24356,9610,
TRUE,"0,006293942066017",1074,286,31,"0,108391608391608","0,028864059590317",GO:0008283,GO:BP,cell population proliferation,24356,3587,
TRUE,"0,007210517703671",135,286,10,"0,034965034965035","0,074074074074074",GO:0002366,GO:BP,leukocyte activation involved in immune response,24356,1034,
TRUE,"0,007530953266372",22,286,5,"0,017482517482518","0,227272727272727",GO:0002711,GO:BP,positive regulation of T cell mediated immunity,24356,1365,
TRUE,"0,008224700779468",137,286,10,"0,034965034965035","0,072992700729927",GO:0002263,GO:BP,cell activation involved in immune response,24356,931,
TRUE,"0,008417906253778",1486,286,38,"0,132867132867133","0,02557200538358",GO:0032879,GO:BP,regulation of localization,24356,9122,
TRUE,"0,008729904726136",442,286,18,"0,062937062937063","0,040723981900453",GO:0030036,GO:BP,actin cytoskeleton organization,24356,7717,
TRUE,"0,008996393045771",11,286,4,"0,013986013986014","0,363636363636364",GO:0033630,GO:BP,positive regulation of cell adhesion mediated by integrin,24356,9613,
TRUE,"0,008996393045771",11,286,4,"0,013986013986014","0,363636363636364",GO:0001914,GO:BP,regulation of T cell mediated cytotoxicity,24356,660,
TRUE,"0,010183245387931",447,286,18,"0,062937062937063","0,040268456375839",GO:0032101,GO:BP,regulation of response to external stimulus,24356,8579,
TRUE,"0,010235648914162",492,286,19,"0,066433566433566","0,038617886178862",GO:0030029,GO:BP,actin filament-based process,24356,7710,
TRUE,"0,010315225013794",84,286,8,"0,027972027972028","0,095238095238095",GO:0045580,GO:BP,regulation of T cell differentiation,24356,13372,
TRUE,"0,010800671467042",888,286,27,"0,094405594405594","0,030405405405405",GO:0042127,GO:BP,regulation of cell population proliferation,24356,11598,
TRUE,"0,011317169926019",142,286,10,"0,034965034965035","0,070422535211268",GO:0007162,GO:BP,negative regulation of cell adhesion,24356,3082,
TRUE,"0,012212174266092",409,286,17,"0,059440559440559","0,041564792176039",GO:0071345,GO:BP,cellular response to cytokine stimulus,24356,19458,
TRUE,"0,012450563638891",1873,286,44,"0,153846153846154","0,02349172450614",GO:0031325,GO:BP,positive regulation of cellular metabolic process,24356,8295,
TRUE,"0,013369887288124",12,286,4,"0,013986013986014","0,333333333333333",GO:0050858,GO:BP,negative regulation of antigen receptor-mediated signaling pathway,24356,15443,
TRUE,"0,014605401812377",88,286,8,"0,027972027972028","0,090909090909091",GO:1902107,GO:BP,positive regulation of leukocyte differentiation,24356,25345,
TRUE,"0,014605401812377",88,286,8,"0,027972027972028","0,090909090909091",GO:1903708,GO:BP,positive regulation of hemopoiesis,24356,26755,
TRUE,"0,014607551899842",7056,286,117,"0,409090909090909","0,016581632653061",GO:0071704,GO:BP,organic substance metabolic process,24356,19767,
TRUE,"0,014761813006739",25,286,5,"0,017482517482518","0,2",GO:0033628,GO:BP,regulation of cell adhesion mediated by integrin,24356,9611,
TRUE,"0,015965432063812",117,286,9,"0,031468531468532","0,076923076923077",GO:0030595,GO:BP,leukocyte chemotaxis,24356,7954,
TRUE,"0,016449142895533",43,286,6,"0,020979020979021","0,13953488372093",GO:0043367,GO:BP,CD4-positive, alpha-beta T cell differentiation,24356,12320
TRUE,"0,016863574606806",3062,286,62,"0,216783216783217","0,020248203788374",GO:0048519,GO:BP,negative regulation of biological process,24356,14904,
TRUE,"0,018899918972337",257,286,13,"0,045454545454546","0,050583657587549",GO:0031347,GO:BP,regulation of defense response,24356,8316,
TRUE,"0,022594247596021",301,286,14,"0,048951048951049","0,046511627906977",GO:0090066,GO:BP,regulation of anatomical structure size,24356,21203,
TRUE,"0,024602744180183",5,286,3,"0,010489510489511","0,6",GO:0001771,GO:BP,immunological synapse formation,24356,562,
TRUE,"0,025618878215492",190,286,11,"0,038461538461539","0,057894736842105",GO:0019221,GO:BP,cytokine-mediated signaling pathway,24356,6507,
TRUE,"0,026596584967772",480,286,18,"0,062937062937063","0,0375",GO:0008284,GO:BP,positive regulation of cell population proliferation,24356,3588,
TRUE,"0,027853810597967",47,286,6,"0,020979020979021","0,127659574468085",GO:0002702,GO:BP,positive regulation of production of molecular mediator of immune response,24356,1356,
TRUE,"0,027963574932368",1873,286,43,"0,15034965034965","0,022957821676455",GO:0006793,GO:BP,phosphorus metabolic process,24356,2768,
TRUE,"0,028318261149364",1216,286,32,"0,111888111888112","0,026315789473684",GO:0006928,GO:BP,movement of cell or subcellular component,24356,2885,
TRUE,"0,028690819499004",437,286,17,"0,059440559440559","0,038901601830664",GO:0034097,GO:BP,response to cytokine,24356,9709,
TRUE,"0,030936789878572",127,286,9,"0,031468531468532","0,070866141732284",GO:0008154,GO:BP,actin polymerization or depolymerization,24356,3553,
TRUE,"0,032938969283191",128,286,9,"0,031468531468532","0,0703125",GO:0050871,GO:BP,positive regulation of B cell activation,24356,15456,
TRUE,"0,038556162232618",1774,286,41,"0,143356643356643","0,023111612175874",GO:0051173,GO:BP,positive regulation of nitrogen compound metabolic process,24356,15708,
TRUE,"0,040023445445435",50,286,6,"0,020979020979021","0,12",GO:0035710,GO:BP,CD4-positive, alpha-beta T cell activation,24356,10619
TRUE,"0,040798513197695",796,286,24,"0,083916083916084","0,030150753768844",GO:0044419,GO:BP,biological process involved in interspecies interaction between organisms,24356,12841,
TRUE,"0,04642364343374",103,286,8,"0,027972027972028","0,077669902912621",GO:0002285,GO:BP,lymphocyte activation involved in immune response,24356,953,
TRUE,"0,04642364343374",103,286,8,"0,027972027972028","0,077669902912621",GO:0030833,GO:BP,regulation of actin filament polymerization,24356,8043,
TRUE,"0,047295935712062",203,286,11,"0,038461538461539","0,054187192118227",GO:0002683,GO:BP,negative regulation of immune system process,24356,1337,
TRUE,"0,047367548593725",16,286,4,"0,013986013986014","0,25",GO:2000114,GO:BP,regulation of establishment of cell polarity,24356,29349,
TRUE,"0,047367548593725",16,286,4,"0,013986013986014","0,25",GO:0001913,GO:BP,T cell mediated cytotoxicity,24356,659,
TRUE,"0,048777110216097",6,286,3,"0,010489510489511","0,5",GO:0033631,GO:BP,cell-cell adhesion mediated by integrin,24356,9614,
TRUE,"1,09579893156913E-13",5077,286,120,"0,41958041958042","0,023636005515068",GO:0016020,GO:CC,membrane,24356,858,
TRUE,"1,50764868531734E-11",11,286,8,"0,027972027972028","0,727272727272727",GO:0042101,GO:CC,T cell receptor complex,24356,2027,
TRUE,"1,70682034098344E-10",2697,286,75,"0,262237762237762","0,027808676307008",GO:0071944,GO:CC,cell periphery,24356,3147,
TRUE,"1,73922575977516E-10",11521,286,195,"0,681818181818182","0,016925614095999",GO:0110165,GO:CC,cellular anatomical entity,24356,3871,
TRUE,"2,77345816767391E-10",11656,286,196,"0,685314685314685","0,01681537405628",GO:0005575,GO:CC,cellular_component,24356,247,
TRUE,"5,37800804894528E-10",2585,286,72,"0,251748251748252","0,027852998065764",GO:0005886,GO:CC,plasma membrane,24356,522,
TRUE,"8,32998250410476E-08",104,286,13,"0,045454545454546","0,125",GO:0098802,GO:CC,plasma membrane signaling receptor complex,24356,3647,
TRUE,"5,35081030763247E-06",4,286,4,"0,013986013986014",1,GO:0042105,GO:CC,alpha-beta T cell receptor complex,24356,2028,
TRUE,"6,10083390746118E-05",23,286,6,"0,020979020979021","0,260869565217391",GO:0001772,GO:CC,immunological synapse,24356,197,
TRUE,"9,95867222834907E-05",325,286,17,"0,059440559440559","0,052307692307692",GO:0098552,GO:CC,side of membrane,24356,3566,
TRUE,"0,000164859530395",228,286,14,"0,048951048951049","0,06140350877193",GO:0009897,GO:CC,external side of plasma membrane,24356,792,
TRUE,"0,000179289801673",339,286,17,"0,059440559440559","0,050147492625369",GO:0098797,GO:CC,plasma membrane protein complex,24356,3643,
TRUE,"0,000580387881465",218,286,13,"0,045454545454546","0,059633027522936",GO:0043235,GO:CC,receptor complex,24356,2145,
TRUE,"0,000630449019689",456,286,19,"0,066433566433566","0,041666666666667",GO:0009986,GO:CC,cell surface,24356,799,
TRUE,"0,008720096940017",134,286,9,"0,031468531468532","0,067164179104478",GO:0045121,GO:CC,membrane raft,24356,2447,
TRUE,"0,009248241562778",135,286,9,"0,031468531468532","0,066666666666667",GO:0098857,GO:CC,membrane microdomain,24356,3673,
TRUE,"0,028077039366751",2609,286,52,"0,181818181818182","0,019931008049061",GO:0016021,GO:CC,integral component of membrane,24356,859,
TRUE,"0,039485491644526",2,286,2,"0,006993006993007",1,GO:0034669,GO:CC,integrin alpha4-beta7 complex,24356,1758,
TRUE,"2,36434160106504E-14",798,286,43,"0,15034965034965","0,053884711779449",GO:0038023,GO:MF,signaling receptor activity,24356,6533,
TRUE,"2,36434160106504E-14",798,286,43,"0,15034965034965","0,053884711779449",GO:0060089,GO:MF,molecular transducer activity,24356,9628,
TRUE,"2,57096865391629E-11",728,286,37,"0,129370629370629","0,050824175824176",GO:0004888,GO:MF,transmembrane signaling receptor activity,24356,1447,
TRUE,"2,08426464886508E-09",12467,286,203,"0,70979020979021","0,016282987085907",GO:0003674,GO:MF,molecular_function,24356,406,
TRUE,"4,75296889216325E-06",5902,286,112,"0,391608391608392","0,018976618095561",GO:0005515,GO:MF,protein binding,24356,1891,
TRUE,"3,63282498563817E-05",9394,286,154,"0,538461538461538","0,016393442622951",GO:0005488,GO:MF,binding,24356,1874,
TRUE,"0,000221216443572",460,286,20,"0,06993006993007","0,043478260869565",GO:0004930,GO:MF,G protein-coupled receptor activity,24356,1481,
TRUE,"0,000374930674381",46,286,7,"0,024475524475525","0,152173913043478",GO:0017124,GO:MF,SH3 domain binding,24356,4007,
TRUE,"0,002280983027333",360,286,16,"0,055944055944056","0,044444444444444",GO:0019901,GO:MF,protein kinase binding,24356,4639,
TRUE,"0,003214748512354",413,286,17,"0,059440559440559","0,041162227602906",GO:0019900,GO:MF,kinase binding,24356,4638,
TRUE,"0,007362523253177",29,286,5,"0,017482517482518","0,172413793103448",GO:0042169,GO:MF,SH2 domain binding,24356,6640,
TRUE,"0,01084247196636",501,286,18,"0,062937062937063","0,035928143712575",GO:0004672,GO:MF,protein kinase activity,24356,1262,
TRUE,"0,011544775549051",104,286,8,"0,027972027972028","0,076923076923077",GO:0004713,GO:MF,protein tyrosine kinase activity,24356,1294,
TRUE,"0,027967432924912",351,286,14,"0,048951048951049","0,03988603988604",GO:0019904,GO:MF,protein domain specific binding,24356,4642,
TRUE,"0,028176359051854",20,286,4,"0,013986013986014","0,2",GO:0005164,GO:MF,tumor necrosis factor receptor binding,24356,1675,
TRUE,"0,034929486147103",63,286,6,"0,020979020979021","0,095238095238095",GO:0004896,GO:MF,cytokine receptor activity,24356,1452,
TRUE,"0,046276080174915",9,286,3,"0,010489510489511","0,333333333333333",GO:0042287,GO:MF,MHC protein binding,24356,6653,
TRUE,"0,049786054682229",2,286,2,"0,006993006993007",1,GO:0042608,GO:MF,T cell receptor binding,24356,6696,
TRUE,"5,98878632953242E-09",194,286,17,"0,059440559440559","0,087628865979381",KEGG:04060,KEGG,Cytokine-cytokine receptor interaction,24356,233,
TRUE,"2,80512404113186E-08",112,286,13,"0,045454545454546","0,116071428571429",KEGG:04514,KEGG,Cell adhesion molecules,24356,294,
TRUE,"3,09778877966364E-06",4790,286,94,"0,328671328671329","0,019624217118998",KEGG:00000,KEGG,KEGG root term,24356,1,
TRUE,"6,75833269951896E-06",36,286,7,"0,024475524475525","0,194444444444444",KEGG:04672,KEGG,Intestinal immune network for IgA production,24356,322,
TRUE,"0,015149681267271",188,286,9,"0,031468531468532","0,047872340425532",KEGG:04810,KEGG,Regulation of actin cytoskeleton,24356,343,
TRUE,"0,019119852429839",56,286,5,"0,017482517482518","0,089285714285714",KEGG:04370,KEGG,VEGF signaling pathway,24356,286,
TRUE,"5,00436276116735E-22",1067,286,60,"0,20979020979021","0,056232427366448",REAC:R-GGA-168256,REAC,Immune System,24356,618,
TRUE,"5,18342951585412E-09",5310,286,112,"0,391608391608392","0,021092278719397",REAC:0000000,REAC,REACTOME root term,24356,1574,
TRUE,"5,20604706085507E-09",407,286,25,"0,087412587412587","0,061425061425061",REAC:R-GGA-1280218,REAC,Adaptive Immune System,24356,75,
TRUE,"3,81101186799097E-08",23,286,8,"0,027972027972028","0,347826086956522",REAC:R-GGA-451927,REAC,Interleukin-2 family signaling,24356,658,
TRUE,"3,88812539200316E-08",600,286,29,"0,101398601398601","0,048333333333333",REAC:R-GGA-168249,REAC,Innate Immune System,24356,629,
TRUE,"8,10560537523458E-08",126,286,14,"0,048951048951049","0,111111111111111",REAC:R-GGA-449147,REAC,Signaling by Interleukins,24356,1264,
TRUE,"1,38182760433584E-07",1180,286,41,"0,143356643356643","0,034745762711864",REAC:R-GGA-162582,REAC,Signal Transduction,24356,1245,
TRUE,"6,13117307020005E-07",261,286,18,"0,062937062937063","0,068965517241379",REAC:R-GGA-1280215,REAC,Cytokine Signaling in Immune system,24356,310,
TRUE,"1,63987809495581E-05",19,286,6,"0,020979020979021","0,315789473684211",REAC:R-GGA-202403,REAC,TCR signaling,24356,1356,
TRUE,"7,09642873044201E-05",13,286,5,"0,017482517482518","0,384615384615385",REAC:R-GGA-912526,REAC,Interleukin receptor SHC signaling,24356,649,
TRUE,"0,000100880676947",25,286,6,"0,020979020979021","0,24",REAC:R-GGA-983705,REAC,Signaling by the B Cell Receptor (BCR),24356,1287,
TRUE,"0,000208804057562",44,286,7,"0,024475524475525","0,159090909090909",REAC:R-GGA-2454202,REAC,Fc epsilon receptor (FCERI) signaling,24356,463,
TRUE,"0,000383319391958",92,286,9,"0,031468531468532","0,097826086956522",REAC:R-GGA-198933,REAC,Immunoregulatory interactions between a Lymphoid and a non-Lymphoid cell,24356,619,
TRUE,"0,000618678020556",9,286,4,"0,013986013986014","0,444444444444444",REAC:R-GGA-983695,REAC,Antigen activates B Cell Receptor (BCR) leading to generation of second messengers,24356,103,
TRUE,"0,001038789304234",21,286,5,"0,017482517482518","0,238095238095238",REAC:R-GGA-512988,REAC,Interleukin-3, Interleukin-5 and GM-CSF signaling,24356,664
TRUE,"0,001264666628608",57,286,7,"0,024475524475525","0,12280701754386",REAC:R-GGA-4420097,REAC,VEGFA-VEGFR2 Pathway,24356,1509,
TRUE,"0,002237655374027",62,286,7,"0,024475524475525","0,112903225806452",REAC:R-GGA-194138,REAC,Signaling by VEGF,24356,1285,
TRUE,"0,006288350539905",49,286,6,"0,020979020979021","0,122448979591837",REAC:R-GGA-202733,REAC,Cell surface interactions at the vascular wall,24356,241,
TRUE,"0,00837437323204",16,286,4,"0,013986013986014","0,25",REAC:R-GGA-202424,REAC,Downstream TCR signaling,24356,377,
TRUE,"0,010850089496727",17,286,4,"0,013986013986014","0,235294117647059",REAC:R-GGA-2871809,REAC,FCERI mediated Ca+2 mobilization,24356,438,
TRUE,"0,011161401253175",419,286,16,"0,055944055944056","0,0381861575179",REAC:R-GGA-372790,REAC,Signaling by GPCR,24356,1260,
TRUE,"0,019081791828336",37,286,5,"0,017482517482518","0,135135135135135",REAC:R-GGA-1660499,REAC,Synthesis of PIPs at the plasma membrane,24356,1333,
TRUE,"0,027241736678289",405,286,15,"0,052447552447552","0,037037037037037",REAC:R-GGA-388396,REAC,GPCR downstream signalling,24356,519,
TRUE,"0,030980288079527",276,286,12,"0,041958041958042","0,043478260869565",REAC:R-GGA-194315,REAC,Signaling by Rho GTPases,24356,1280,
TRUE,"0,048900318874331",380,286,14,"0,048951048951049","0,036842105263158",REAC:R-GGA-109582,REAC,Hemostasis,24356,589,
